rid,kid,rating,review
1,1,3,"I 2021-2022 var det en af byens bedste steder til kebab, men hold nu op de er faldet af p√• den. Br√∏det er ikke friskbagt mere, og portionst√∏rrelserne er blevet mindre. Chilien smager ogs√• af mindre. H√¶v priserne og lav det gode som i plejede."
2,1,5,"L√¶kkert k√∏d og god service, mad-5, stemning-5, service-5."
3,1,1,Dette sted er absoult fyldt med ubeh√∏vlede og respektl√∏se mennesker. De kan slet ikke finde ud af at have et forhold til deres kunder. Det eneste det handler om for dem er at tjene penge of s√¶tte priserne h√∏jere og h√∏jere. Desv√¶rre falder kvaliteten samtidig med at prisen stiger. De fortjener virkelig 0 stjerner!
4,2,5,"Maden er super god, noget af det bedste p√• N√∏rrebro, til en meget fair pris. Ejeren er utroligt serviceminded og det er altid en behagelig oplevelse at k√∏be sin mad hos kebab-bar. 5 stjerner herfra, kan klart anbefales."
5,2,2,"Den mest s√∏rgelige durum jeg har f√•et til dato. Indholdet fejlede som s√•dan ikke noget (selvom jeg havde forventet lidt mere volumen til prisen, men br√∏det var s√• t√∏rt og melet at jeg for f√∏rste gang nogensinde smed halvdelen ud. Betjeningen fejlede til geng√¶ld ikke noget."
6,2,3,"Maden var ikke wow, men acceptabelt. Stedet var lidt tr√¶ngt og det kunne jeg ikke lide."
7,3,1,Er desv√¶rre blevet et rigtig d√•rligt sted. Kvaliteten af maden er ringe og priserne er steget voldsomt. Vil ikke anbefale nogen at spise der p√• nuv√¶rende tidspunkt.
8,3,4,Maden var rigtig god i forhold til pris m√¶ssigt. Vi blev m√¶tte og smagte godt. Vi kommer helt sikkert igen 
9,3,5,"Jeg har kun k√∏bt durumruller d√©r, men durumrullerne hos Afandi er klart de bedste, jeg har smagt noget sted. Og til en fair pris."
10,4,4,God stemning hurtig betjening. Deres grillet-spyd smagte l√¶kkert. Hjemmelavet Ayran drink smagte liges√• l√¶kkert. De mangler baggrund musikken. Jeg anbefaler varmt det sted.
11,4,5,Godt sted hyggeligt rolige omgivelser god service l√¶kkert mad. Venlige og udadvendte tjaner kan varmt andbefales
12,4,1,"Det er ikke orden at skilte med frokost tilbud p√• en s√∏ndag, n√•r man s√• efterf√∏lgende bliver oplyst om at det ikke g√¶lder weekend og bliver opkr√¶vet normal pris. Falsk markedsf√∏ring og d√•rlig service."
13,5,4,Som altid god mad og god betjening. Vores faste spisested n√•r vi skal til koncert i K√∏benhavn
14,5,5,God mad og frisk personale rent sted mangler lige reng√∏ring af toiletter
15,5,2,S√∏d betjening men meget kedelige pizzaer.
16,6,3,"Alt maden var frisk og l√¶kker, men underligt sat sammen. Bestilte en kebabret. 115kr. alt for dyrt. Fik K√∏d, pomfits, br√∏d, salat og fik hummus med, det kan nogen godt lide, jeg er ikke fan. Salaten bestod af: Salat, r√∏dl√∏g, revet gulerod, syltet agurker og r√∏dk√•l. Alt frisk og sk√∏nt, men hvad er det for en kombination, bare salaten i sig selv er underlig, men det hele sat sammen...."
17,6,4,"Vi k√∏bte kylling fra dette sted i g√•r, det er ikke f√∏rste gang, vi har k√∏bt det, men i aftes var jeg meget skuffet. Kyllingen var t√∏r, br√¶ndt h√•rdt og uspiselig. Jeg er meget ked af."
18,6,5,"Helt vildt venlige medarbejdere som var smilende og im√∏dekommende, √¶gte sharwarma k√∏d, frisk bagt br√∏d og stort udvalg af salat fyld, der var ogs√• tilvalg af chili, tzatziki og hummus. En af de bedste sharwarma jeg har f√•et, top anbefaling herfra."
19,7,1,Lorte k√∏d
20,7,1,Jeg har meget luft i maven mavesmerter
21,7,1,De har problemer med at h√∏re jeg bestille men det er 6 gang jeg f√•r forkert bestilling
22,8,1,hvis du gerne vil blive kaldt en hund (og andre sk√¶ldsord) p√• arabisk n√•r du er i gang med at bestille er det her det perfekte sted for dig
23,8,1,Raw chicken. Would not recommend. I don't want salmonella
24,8,1,"Super d√•rlig butik. Meget d√•rlig mad til dyre priser. Uh√∏fligt personale, der pr√∏vet at snyde b√•de min bror og jeg til at betale mad"
25,9,1,"s√•dan en skammelig virksomhed, jeg spiste derfra to gange og fik diarr√©, og det er s√• beskidt"
26,9,1,"Der er alt for mange fluer i restauranten, det er meget uhygiejnisk. Dette kan forbedres p√• alle m√•der. Maden i sig selv er ogs√• rimelig d√•rlig og ul√¶kker. Har ekstrem kvalme lige nu og vil aldrig nogensinde anbefale dette spisested. Is√¶r n√•r der er steder som Flamingo, Elvan og Alis bageri t√¶t p√•."
27,9,1,Divan plejer at lave gode kebab. De sidste 5 gange jeg har v√¶ret der har deres durumruller v√¶ret lige s√• tynde som en blokfl√∏jte. Og kvaliteten er ogs√• faldene. Godt at der er andre gode steder i n√¶rheden.
28,10,1,En stjerne for Br√∏det. Symfoni ? Jaa dagen efter p√• toilettet. k√∏det var V√ÖDT. Med V ) Ikke lige det jeg havde forventet da man ser de forskellige mennesker der bed√∏mmer et spisested fx. Ghostt.. Ingen vil jeg sige alle har sin egen smagsans for mad og drikke. Prisen er god men hvad skal det betyde n√•r man ikke kan spise maden f√¶rdig...
29,10,1,"Fra paradis til helvede! Sidste gang vi spiste her var det toppen af kebab! Trods solskin idag kan vi n√¶sten give den 0 stjerner. Rullerne var n√¶sten kolde, br√∏det delvis ubagt og vi m√•tte give op halvvejs med opkast fornemmelser og mavepine. Jeg fortalte den vagthavende madmand dette, og han svarede til det hele, ""jamen durum br√∏d skal v√¶re flade""... dertil er jeg helt enig, men det er jo s√•dan set heller ikke vores udfordring i m√•ltidet her."
30,10,1,"Kogt k√∏d , ikke stegt, br√∏d underlagt/r√•t. Kommer ikke igen"
31,11,1,Man kan h√∏rer personalet sk√¶ndes eller tale ret h√∏jt til hindanen og kan ikke nyde sin kebab helt. Ikke nok med det priserne er helt puha for kvaliteten i hvertfald.. der var mere salat i min pita end k√∏d. Lige efter jeg spiste den pita kunne jeg m√¶rke min mave begyndte at drille og det gik ikke godt dagen efter..üòí dog var de hurtige til at lave maden:)
32,11,4,"Godt br√∏d, b√•de til pita og kebab. Fint tilbeh√∏r. En rigtig god kebab. K√∏det f√•s bedre visse steder, derfor ikke 5 stjerner, men blandt de bedste p√• √òsterbro."
33,11,3,"Desv√¶rre meget kedelig rulle, som ikke smagte af det store og s√• var alt sammen koldt. Br√∏det er rigtig godt, k√∏det og br√∏det er kedeligt, dressingen er d√•rlig."
34,12,2,"Det her sted er bestemt ikke hvad det plejede at v√¶re. De er blevet utrolig n√¶rrige med k√∏det og laver sjusket ens mad. Dressing i toppen, intet end k√∏d i bunden... Det sidste man skal blive - det er n√¶rig - og det er de desv√¶rre blevet. Derfor kommer jeg ikke igen l√¶ngere. √Ürgerlig udvikling, det plejede ellers at v√¶re godt."
35,12,5,"Virkelig godt sted at spise, is√¶r hvis du skal skynde dig at have noget er de virkelig hurtige, det tog ca. 15 sekunder f√∏r de spurgte hvad vi skulle have i, og bum s√• var den f√¶rdig, den var rigtigt god selvom den var hurtigt om at blive lavet, priserne lidt h√∏je, men ellers virkelig godt k√∏d og god betjening"
36,12,5,"Super godt kebab sted, jeg gl√¶der mig til den nye dressing"
37,13,5,"P√¶nt og hyggeligt sted. De brugte et l√¶kkert pitabr√∏d, som ikke faldt fra hinanden (som pitabr√∏d jo nogle gange g√∏r)."
38,13,1,Virkelig blevet d√•rligere med ny ejere. Kyllingespyd d√•rligt marineret og tzatiki uspiselig Hummus dyrere end guld.
39,13,3,"Altid er blevet d√•rligt efter ny ejer, g√•r jeg ud fra.."
40,14,1,De er blevet meget n√¶rige med k√∏det. De spyd vi fik var helt sm√• stykke og Adana kebab var meget lille i b√∏rne st√∏rrelse. Pizza var der ingen k√∏dstrimler kun masser af l√∏g og champion. Kommer ikke der mere og g√∏r andre opm√¶rksom p√• hold jer v√¶k derfra og spis andet sted.
41,14,4,"Hvorfor st√• i k√∏ ved K√≥sk p√• den anden side? Her koster en durum 30 kr mindre og er s√• stor, at jeg m√•tte give op. Hjemmelavet br√∏d - men kvaliteten af indhold en smule klassisk. Men det oph√¶ver bestemt prisen og st√∏rrelsen."
42,14,3,"Restauranten er kun til mad, akustikken er ikke god, men maden er i ok og pr√¶sentationen er ikke d√•rlig, med andre ord kan du spise, hvis du er sulten og g√•r. God til prisen"
43,15,4,"Klart noget af det bedste kebab man f√•r. Smager meget hjemmelavet. L√¶kkert br√∏d. Frisk dressing og k√∏d der er 10/10. Af en pris p√• 89kr for en rulle, kunne den godt v√¶re en anelse st√∏rre. Men kvalitet>kvantitet. Deres IPA er velsmagende, med massere af syre. Synes dog ikke, at den er et perfekt match til maden. Personalet er s√∏de, en smule smarte i en fart og s√• taler de kun engelsk."
44,15,5,En af de bedste kebabs jeg har f√•et i KBH. L√¶kkert lammek√∏d og dejlig dressing. Man bliver godt m√¶t af bare en kebab. Prisen er 89kr uanset om det er kebab eller falafel. De tager niveauet for kebab et stykke over gennemsnittet.
45,15,4,"L√¶kre pommes og br√∏d, men en lidt smagsl√∏s kebab og ikke helt hvad jeg havde forventet ift. anmeldelserne. Flink personale, men ikke de mest hyggelige omgivelser. De glemte min tr√∏ffel-mayo. √Üv."
46,16,1,Beskidt og als√• de lytter ikke p√• hvad du bestiller de serverer sine rester .
47,16,5,Jeg har v√¶ret p√• mange kebab steder i K√∏benhavn men ingen form√•r at pr√¶stere som kebabistan. Deres helt normale pitabr√∏d kebab kan altid g√∏re mig glad is√¶r med deres gode priser. S√• som konklusion vil jeg sige at kebabistan har alt hvad man har brug for!!!
48,16,5,Virkelig kvalitets mad og hurtig levering.
49,17,1,"Det er sammen blandet k√∏d, i gen dressing eller noget, blev d√•rlig med det samme. Lige en anmeldelse til F√∏devarestyrelsen. Bem√¶rk at de snyd nogle udlandske kunder med prisen. Bem√¶rk. De taler tyrkisk, s√• jeg forstod at de grinte af kunden. Billede af hvordan jeg fik den,,, som en klap sammen sandwich."
50,17,1,"Virkelig smagsl√∏s. S√• er du krydderi forskr√¶kket s√• er det nok perfekt. Hvis du vil spare penge, s√• n√∏jes med at stikke tungen ud af vinduet. Same same."
51,17,4,En af de bedste salatpizzaer jeg har f√•et. Og super h√∏fligt og hj√¶lpsomt personale
52,18,3,"Stedet er en lille biks og med f√• siddepladser indenfor og muligheder for at sidde udenfor p√• b√¶nke. Stedet havde travlt om l√∏rdagen ved frokosttid, men fornuftig ventetid. Det virkede ikke specielt til hygiejnen var i top og det kunne skyldes travlhed eller bare ikke en prioritet. Bestilte deres kebab d√∂ner nummer 1 Maden smagte fint ikke noget udover der s√¶dvanlige. Br√∏det var spr√∏dt og smagte godt det tr√¶kker op. Tak for mad!"
53,18,3,"Navnet p√• restauranten kan lyde misvisende, n√•r det ikke er af samme kvalitet som i D√∂ner fra Berlin. Maden var ok, men jeg har smagt bedre p√• N√∏rrebro. Maden blev ikke bragt ud og man fik ikke at vide, hvor lang tid der gik f√∏r maden blev klar. Lidt √¶rgerligt at de gik mere op i at f√• lavet s√• mange D√∂ners som muligt fremfor at servicere ordentligt."
54,18,4,"Har snart v√¶ret forbi stedet en del gange , deres mad smager udm√¶rket, men alle de gange vi har v√¶ret der, er der meget langsomme til at t√∏rre borde af, det er lidt ul√¶kker at sidde p√• et bord og spise maden, de kommer og t√∏rre det op n√•r vi beder om det, men ellers er maden virkelig l√¶kkert, og virkelig anderledes gode dressinger de bruger.."
55,19,2,"Ekspedienten glemte hvad vi havde bestilt. M√•tte minde ham om det. Min pita med falafel indeholdte √©n falafel. Durumrulle var kedelig og alt for lidt k√∏d, s√• den var helt kold. Det var okay med feta... Alt i alt, lidt d√•rligt."
56,19,1,Nok det klammeste sted jeg nogensinde har spist. Alts√• jeg ved slet ikke hvordan jeg skal beskrive deres ‚Äúk√∏d‚Äù. Tog en bid og efterlod resten af durumen. Jeg tror √¶rligt talt at det er rottek√∏d. F√∏j hvor klamt. Nasty. Monster ul√¶kkert. Burde anmeldes til f√∏devarestyrelsen.
57,19,1,"Sur ekspedient (han blev arrig fordi jeg sagde navnet p√• retten jeg ville bestille, i stedet for nummeret), d√•rligt pitabr√∏d, kedelig falafel, slatten salat, manglende feta. Der er faktisk intet der tr√¶kker op. √Ürgerligt, da jeg husker det som et godt sted tidligere."
58,20,5,"Et lille fint sted med meget hurtig service. Vi fik to almindelige kebabdurum for 110kr. God oplevelse af friske, spr√∏de gr√∏ntsager, godt k√∏d og god pandekage. Nogle ville m√•ske synes den var lidt lille, men den egner sig super til en frokost. Dem der er mere sultne skal m√•ske bestille en menu med pomfritter"
59,20,1,"Trist, √¶rgerlig og smagsl√∏s durum, hvor selv de g√¶ngse hverdagskebabsteder overg√•r b√•de smag, kvalitet og service. Dertil et personale som har sv√¶rt ved b√•de at forst√• og tale engelsk, s√• du m√• gentage din ordre flere gange"
60,20,4,"De laver en l√¶kker halloumi-durum! Stedet er lidt sm√•t, s√• du skal v√¶re heldig at f√• siddepladser, men det er stadig hyggeligt nok indrettet. Venligt personale!"
61,21,1,Nok den d√•rligste Durum der findes i k√∏benhavn. tog ogs√• ca 10 sekunder at lave.
62,21,1,"Fik en kyllinge durum til 65 kroner. Intet andet end kylling og salat. Ingen dressing, tomat, l√∏g eller andet. Bad ogs√• om chili som jeg heller ikke fik. Har tidligere f√•et en shawarma som var ok, men denne gang smed jeg halvdelen ud. Vil ikke anbefale stedet."
63,21,1,Det er nok den v√¶rste shawarma vi fik med familien. N√•r du forklarer dem k√∏det var meget sejt og br√¶ndt beskylder de leverand√∏ren. Det er s√• ringe service kommer aldrig der igen.
64,22,1,"Den billigste ""frikadelle""-kebab uden smag....troede faktisk, man var holdt op med at lave s√•dan noget...decideret ul√¶kkert....men der var da rigeligt af den. Obs: JEG ER ST√ÜRKT TILB√òJELIG TIL AT TRO, AT ALLE DE OVERPOSITIVE 5-STJERNERS ANMELDELSER ER FAKE!!!!"
65,22,5,"Direkte klasse. Vi var 4 gutter der skulle have, der gik knap 2 min, s√• var vores mad klar. Ikke bare var service god, maden var vidunderlig. Klar anbefaling"
66,22,5,"Du bliver m√∏dt med super fede mennesker med god energi der serverer maden entusiastisk. Deres fede vide smitter virkelig af. Man forventer hurtig service men f√•r ikke det, da man ogs√• f√•r dejlige mennesker som serverer rigtig god kebab"
67,23,5,"byens... eller skulle jeg sige danmarks ups.. VERDENS BEDSTE KEBAB. Var der nede med 3 af mine venner og vi k√∏bte pita kebab og vi fik alle sammen gratis sodavand med. K√∏det er helt perfekt krydret og gr√∏ntsagerne helt friske, br√∏det var ikke t√∏rt og det var bare en rigtig god oplevelse. forts√¶t det f####### gode arbejde. 5 stjerner herfra :-)"
68,23,5,"Det var en formidabel oplevelse Det ville v√¶re fedt hvis man kunne betale med kort, men det ku ik have v√¶ret bedre Bedste pita ever"
69,23,5,Altid hurtig og venlig service. Deres kebab er noget af det bedste jeg har pr√∏vet. Mvh Krozan
70,24,5,"K√∏benhavns bedste Pita br√∏d. Skarp pris og super l√¶kkert k√∏d. N√•r man k√∏rer fra Drag√∏r for at f√• dem, s√• m√• der v√¶re noget om snakken."
71,24,2,"K√∏bte pomfritter p√• vej hjem fra bytur, Herren der ejer stedet , var dog det sureste jeg l√¶nge havde set, trods man selv var smilende og pr√∏vede at konverserer . F√•r dog min fritter, som jeg for i √∏vrigt roser ham for (virkelig gode) har bestilt med salatmayo! F√∏rste dyp i mayo, det var s√• ul√¶kkert !! M√•ske det ikke var mayo eller ogs√• var det lige knapt 80 √•r gammelt , f√∏j f√∏j f√∏j!!"
72,24,1,"Utrolig d√•rlig kundeservice. Personalet er det sureste, og har absolut ingen sans for kundeservice samt situationsfornemmelse. K√∏bte et pitabr√∏d som var halvt fyldt, og meget t√∏rt."
73,25,1,"Det var i forvejen ikke en stor kulinarisk oplevelse, men n√•r man s√• fors√∏ger at give stedet en chance til, og der s√• er lukket midt i frokosttid, s√• kan det s√•dan set v√¶re ligemeget. Det er uambiti√∏st og manden burde jo bare lukke sin forretning."
74,25,5,"Stedet er ikke perfekt, men har fortjent langt mere end 2,7 rating. 3-4 stjerner passer bedre. Hjemmelavet durumbr√∏d"
75,25,1,JEG HAR BOET IOMR√ÖDET I 10 √ÖR. og hvert √•r gir jeg dem en chance! men de g√∏r aldrig en skid for at blive bedere. jeg skal ikke have noget somhelst fryse kebab der kogt i en lummer gryde nogensinde igen. M√•ske efter 20 classics og 2 pakker malboro p√• en feriedag. Men i mit rette sind √∏nsker jeg at ingen skal g√• igennem det smertefuldt smagshelvede
76,26,5,Stadig byens bedste shawarma. Har spist her siden de √•bnede i 1980. Altid en forn√∏jelse
77,26,3,OK kebab. Der er travelt om natten. For meget k√∏d til min smag.
78,26,1,Det er g√•et meget ned af i kvalitet og op i pris. Plejer at tage ind p√• str√∏get for at f√• deres kafta. Som altid pr√∏ver de mig at f√• mig til at bestille noget andet pga. Tilberednings tiden. Det skal √•benbart bare g√• st√¶rkt. Det pitabr√∏d jeg fik var d√•rligt fyldt. Nogle gange er ens minder s√• gode at man ikke opdager forandringen og eller glemmer oplevelsen fra gang til gang... Den her gang fik jeg nok. I var Danmarks bedste. Nu virker det til at i hviler p√• laurb√¶rrene og at det kun handler om penge..Det kan simpelthen ikke g√• st√¶rkt nok.
79,27,1,"0 stjerner!!! VIRKELIG uforskammet, D√ÖRLIG service! Vi var 5 personer og vi bestilte hurtigt venligt og direkte men betjeningen s√• lige 2 af hans egen ""race"" s√• han begyndte at ekspedere dem i stedet. (Vi var 4 bosniske blege muslimer) Han fik ikke vores bestilling rigtig han koncentrerede sig ikke og det klagede vi over. Ekspedienten sagde bare at vi var for ""langsomme"". Han tog ikke ansvar overhovedet. Det er IKKE OS der er til for JER!!! L√¶r noget om god opf√∏rsel og service! De andre arabiske kunder begyndte at opf√∏re sig truende og blande sig i noget der ikke rager dem! Virkelig d√•rlig stil! - Vi s√¶tter aldrig vores ben mere i den racistiske butik. De havde aldrig behandlet os s√•dan med ligegyldighed hvis vi havde v√¶ret tyrkere eller arabere! Personalet burde ikke arbejde med service overhovedet. Det her sted er en d√•rlig JOKE!!"
80,27,1,"Extremely disappointed with my experience at this restaurant. The sandwiches is very bad , and the service is very bad. Would not recommend to anyone looking for a satisfying meal"
81,27,4,"Good place to eat halal and good food, the plates are generous and everything is good and served hot. The staff are attentive and very welcoming. I recommend"
82,28,1,"Worst ice-cream during our trip. Stingy and grumpy owner, big cone and small amount of ice cream on it. The shawarma I believe is not better"
83,28,1,Vis du har l√∏st til kebab eller shawarma. G√∏r dig selv en tjeneste og lad v√¶r med at spise her
84,28,1,"V√¶rste sted! r√•dent k√∏d som lugtede og var alt for r√∏dt! Ville have mine penge retur, men m√•tte kun f√• en ny, som jeg ikke ville have! Aldrig vil jeg s√¶tte mine ben der igen, hold jer v√¶k!!"
85,29,4,They sell very cheap kebab and pizza with kebab ingredients but very good even though their name is not as hyped as other much higher priced kebab places.
86,29,5,Love their chicken burger as well as their durum kebab has a unique taste. Obsessed üòã ‚Ä¶
87,29,1,"En af de d√•rligste durumruller jeg har f√•et l√¶nge. Billig fars-kebab, kedeligt br√∏d og d√•rlig mave."
88,30,5,It was a very friendly and helpful business w really nice stuff It is impossible to come here and leave unhappy It is obvious that they are Turkish from their hospitality <3 I am very happy that I discovered this place by chance bc it was really close to my hostel Todayy Iwill eat here again I highly recommend this restaurant to everyone
89,30,1,Vi fandt h√•r i maden flere steder og de n√¶gtede at det passede. Ur√∏r d√•rlig opf√∏relse og r√•ben og skrigen. Vi fik ikke indf√∏rt et eneste ord. Anbefaler det aldrig nogensinde
90,30,1,"Det var enlig en sk√∏n dag, sky fri himmel, dejlig atmosf√¶re efter en god tur i kirken. Den blev hurtig afbrudt da jeg tr√•de ind p√• kebabber for at k√∏be en enkel durum. Jeg m√•tte vente 50 minutter, f√∏r jeg overhovet fik updating p√• min bestilling. For de ansatte havde nemlig privioteret en hel lejerskole p√• 75 elever som en fuld meny med pommes. Jeg stod i sult og lige som jeg troede at servicen ikke kunne blive mere elendig, fik jeg ingen engang tilbudt fx en d√•se sodavand som en form for erstatning eller bl√•t et undskyld. 0/5 stjerne bes√∏ger aldrig igen."
91,31,5,I ordered durum falafel menu and it was super good. The fries were even better. Very good size of the portions. I ordered what I wanted wrongly and they changed it without extra charging me. The older man who was cooking was very kind despite my mistake ü•∞ I forgot to take a good picture before starting
92,31,5,"Imagine! You are going home from a wonderful party at 2AM and you are craving the juiciest shawarma in town, you enter the random place and the owner makes you the most delicious food you can imagine to find at the time! Everything for such a low price that your wallet doesn‚Äôt even notice it‚Ä¶ That is what I call an amazing 5 star experience!! I was greeted so many times with a huge smile and the most wonderful food on my table! Super recommend!! Thank You ‚ù§Ô∏èüëå"
93,31,1,"Durum menu, Durum meget fedtet og m√¶rkelig smag, selv br√∏det var fedtet, pomfritterne super kedeligt meget melet smag, og igen ikke k√¶let for detaljerne, alt smag var brand af, alt forl√¶nge i olien desv√¶rre, betjening upersonligt travlt."
94,32,5,"Umiddelbart en af de bedste durum barer jeg tidligere har v√¶ret p√•, jeg spiser her omtrent 2-3 gange om ugen grundet den l√¶kre mad. Is√¶r shawarmaen, som ikke mange har af den kvalitet er jeg meget glad for. Meget varierende og butter chicken er jeg stor elsker af. Kan 120% anbefales"
95,32,1,"V√¶rste durumrulle jeg har f√•et l√¶nge. 68kr for en durumrulle, hvor m√¶ngden af icebergsalat var det dobbelte af k√∏d m√¶ngden. Den store m√¶ngde kolde salat blev s√• dominerende i min durum rulle, at min durum blev kold selvom br√∏det og k√∏det blev varmet op. I burde jo hedde Salat Bar fremfor Durum Bar. Svineri."
96,32,1,Sj√¶ldent har jeg betalt s√• meget for en kebab. Hvis man da kan kalde det det. Der var n√¶sten ikke noget k√∏d i. Det var n√¶sten ren salat. Faktisk s√• meget salat at det det stjal temperaturen fra den smule k√∏d der var s√• det var en kold salat rulle til 68 kr. Hvis jeg i fremtiden skal bruge 68 kr p√• n√¶sten ren salat s√• finder jeg sku en salatbar med et st√∏rre udvalg. Spild af penge find et andet sted at spise.
97,33,5,"Ganske fin kebab i N√∏rrebro. Jeg er stor fan af deres nabo ""Kebabis"", men n√•r jeg en gang i mellem f√∏lere mig lidt finere p√• den, s√• er det Pizza & Shawarma house, som f√•r et bes√∏g. Ganske gennemsnitlig pris for deres D√ºrum, men resultatet er en utrolig l√¶kker gang mad. Specielt deres chili, som naturligvis kommer gratis, er klart at anbefale. Kebaben er god og du har sv√¶rt ved at finde steder, som fylder samme m√¶ngde i. Det bliver altid en stopfyldt rulle du f√•r stukket i h√•nden, s√• p√• den m√•de, er det i grampris nok √©n af N√∏rrebros stjerner."
98,33,1,Koz Golm hvorn√•r har du v√¶ret her og spise det var lukket. De holdt sommerferie s√• du skal ikke give stjerne til et sted hvor du ikke har v√¶ret iüòâüëç
99,33,1,"Jeg har v√¶ret sulten og sp√¶ndt p√• at komme hjem for at spise en l√¶kker saftig pizza med salat og dressing p√•, men intet salat eller dressing p√•. Jeg forklarede det eller i telefonen 3-4 gange og jeg kan ikke spise en t√∏r pizza uden noget p√•. Det er sket flere gange. Fatssvage mennesker g√∏r mig virkelig sur"
100,34,3,"The restaurant is very big with lots of areas to sit. The tables are pretty too. The food was made quickly and service friendly enough. My falafel durum was ok but a lot of lettuce in a clump which was a bit average. The falafel was ok, but nothing amazing. The toilets were clean downstairs. Was a fine experience but nothing standout."
101,34,1,"Bestilte en durum som jeg valgte at tage med hjem, jeg glemte at sige at det skulle v√¶re uden l√∏g men det bet√∏d ikke s√• meget jeg kunne bare pille dem af lidt ad gangen mens jeg spiste min durum og da jeg s√• halvvejs pillede l√∏gene af var der desv√¶rre kommet en g√¶st med i min mad. Fandt et insekt p√• en af l√∏gene ü§¢ dette fik mig til at l√∏be ud p√• toilettet og spytte det mad jeg havde i min mund efter denne ul√¶kre opdagelse. F√∏j hvor ul√¶kkert. Dette burde ikke ske hos et popul√¶rt sted. Dette sker jo nok da deres salat omr√•de st√•r mod indgangen s√• der kan komme alt mulige beskidte st√∏v osv ind n√•r d√∏ren √•bnes. De burde lave om p√• stedet s√• dette ikke sker igen."
102,34,1,"The food is good, so it‚Äôs very unfortunate that they served me mold. By looking at it, it‚Äôs clear which spots are from it being cooked and which is actual mold that is starting to grow. When showing the server this, he kept such a forced straight face it made me feel sorry for him and laugh at the same time. I guess admitting it would cause them too much trouble, but all they could and should have done is replace my food with an eatable one."
103,35,5,"Favorite kebab in town. Freshly made, great food quality and consistent over the years. And the service is fast and good. Love this place. √ëuymmm"
104,35,2,"Jeg siger at jeg vil have uden chilli, men s√• f√•r jeg med chilli og det meget st√¶rkt for mig"
105,35,1,"Advarsel! Jeg fik en omgang madforgiftning efter jeg havde f√•et en durum her. Normalt er min mave ikk sart, men skulle kronisk br√¶kke mig efter jeg fik mad her.."
106,36,5,"Food tastes good, great falaffel box. Definetely a good place to eat in such an expensive city. Only con i'd mention is that they deepfry in a small place, so the smell stays in ypur clothes. Otherwise, i recomend it."
107,36,1,"De ansatte vasker ikke h√¶nder efter toiletbes√∏g og hansker har de ikke p√•, de kan ikke tage en bestilling med mindre det er med alt og ekstra chili, kold mad, alt for meget r√∏dk√•l, n√¶sten intet k√∏d eller falafel, ogs√• blive gjort til grin p√• samme tid, kan ikke anbefales det her sted."
108,36,2,Virkelig sl√∏j durum + d√•rlig service. Det var ikke s√¶rlig meget k√∏d der var i den durum.
109,37,1,Jeg var inde sammen med min familie Har betalt 120kr for en sackavurmasi med kalvek√∏d. Det var meget t√∏rt som i kan se p√• billedet og da jeg sagde det til dem p√• vej ud af d√∏ren sagde manden at de beklager og at jeg skulle tag et vand gratis fra k√∏leskabet. Synes det var ikke det v√¶r f√∏rste gang og sidste gang jeg bes√∏ger dette sted. Vi spiste i alt for 447kr üëé
110,37,1,Food was absolutely tasty but the staffs attitude and behaviour was so horrible. He ignored my dad so much and didn‚Äôt even bother looking at my dad when he kept saying excuse me
111,37,5,"Great place for a good shawarma! Large servings which lots of extras. It took quite a while to get our order with other people who arrived after us, getting theirs first but it was worth it and the team were friendly and very efficient when we asked. Definitely recommend, lots of options and great atmosphere."
112,38,4,Deres falafel plejede at v√¶re vildt godt men syntes at de er faldet af p√• den. T√∏rre og uden s√• meget smag. Salaten havde lidt en bitter bismag. H√∏flig betjening.
113,38,5,"De genopfinder ikke hjulet, og det beh√∏ver de heller ikke. Bare en god klassisk kebab lavet godt"
114,38,1,"Ruined my day, not very understanding almost no condiments in food"
115,39,3,"Great place for shawarma with many different options of how to serve it (bowl, pita etc) and what you‚Äôd expect on the mezze side. Unfortunately there is no mixed option for protein so have to pick one OR the other. Being able to sample chicken, beef and halloumi all in one would be great! They also had taybeh, a Palestinian beer, fun!"
116,39,1,"S√∏rgelig oplevelse bestiller en Durum menu til takeaway. Men jeg kan se at jeg har f√•et en salat rulle med f√• stykker k√∏d. 179,- for lidt salat og br√∏d‚Ä¶ billedet taler sit eget sprog."
117,39,5,"generelt stadig god, men bulguren blev serveret kold, lidt uventet. Det var ikke engang stuetemperatur, mere som om det var taget ud af k√∏leskabet."
118,40,1,"R√•t k√∏d, kold mad og en sur ejer som hostede i maden, priser p√• skiltet matchede ikke det vi betalte"
119,40,1,De er det d√•rligste sted og spise i de aflevere forkert mad og de har ikke et tlf nr man kan ringe til
120,40,5,Maden smagte godt og ingredienserne var gode
121,41,1,One of the worst kebabs I ever had! The meat wasn‚Äôt bad but the dough was cold. I asked for a spiced kebab and I just got the sauce additional not just added to the kebab. This showed that Sultan does it‚Äôs kebabs pre maid and not fresh. I cannot recommend 1/10.
122,41,5,"Amazing food, and their zhug sauce is so good we brought a Tupperware back with us on the flight home"
123,41,1,"Hvis du siger at du ikke vil have r√∏dk√•l i, s√• f√•r du det alligevel. Deres k√∏d mangler krydderier, og er ikke stegt f√¶rdigt. Hvis de har travlt, s√• sk√¶rer de bare r√•t k√∏d fra rullen."
124,42,5,"excellent place with good and high-quality ingredients, wonderful falafel, you can try 3 different versions of it, we chose bowls and were not disappointed, we got a very large, tasty and filling lunch"
125,42,5,"Nu bliver falatel aldrig rigtig mig, men min k√¶reste var vild med det, s√• 5 stjerner hermed afgivet. Der var meget lang k√∏, s√• vi m√•tte vente l√¶nge p√• maden. Personalet gjorde dog hvad de kunne, for at f√• det til at g√• s√• hurtigt som muligt. F√• siddepladser."
126,42,5,"Maden smagte godt. Jeg bestilte en spicy carrot, tror jeg den hed. Mindes jeg fik lidt fisk/tun som eftersmag, men det p√•virkede mig ikke nok til at jeg ville sp√∏rge ind til det, men det undrede mig lidt. Fik erstattet noget feta, som der vist normalt er i den pita med pickles og m√•ske ogs√• en dressing (er ikke helt sikker) - tror jeg gav udtryk for at ville have noget vegansk."
127,43,3,"Vi sad egentlig hyggeligt udenfor biksen i solskin og kiggede p√• mennesker. Men det var ogs√• det bedste ved stedet. Der var alt alt for meget dressing i mit pitabr√∏d og med 1 serviet, m√•tte jeg hurtigt opgive. Bem√¶rk at falaffel N halloumi ikke er med falaffel."
128,43,2,"Vi gik derind for at pr√∏ve deres berliner d√∂ner - deres menukort er vanvittigt stort og bredt, hvilket jeg som udgangspunkt altid er lidt skeptisk overfor. Det var elendig service og vi fik overhovedet ikke det vi havde bestilt. De reklamerede med Berliner pita til 39 kr, som vi troede vi bestilte - men vi bestilte √•benbart en forkert berliner pita. Den ene af os fik en durum og den anden fik en berliner pita umiddelbart magen til tilbudet, men alligevel ikke (?). Jeg forstod faktisk ikke forskellen.. Det smagte semi, men p√• baggrund af helhedsoplevelsen kommer vi helt sikkert ikke igen."
129,43,1,"Det startede l√¶kkert med dejligt marineret lammek√∏d og s√∏d betjening, der gav jeg 5 stjerner, i dag t√¶nker jeg der er nye ejere, nok ikke Lebanese mere. Meget Irriteret service, lamme k√∏det var over saltet, og br√¶ndt til ukendelighed. Simpelthen uspiseligt. S√• kan man liges√• godt snuppe en pint bindex kebab p√• N√∏rrebro. √òv. Sidste gang jeg k√∏ber her.  Det var i Istedgade afdelingen og her s√∏ndag den 14 April kl 20."
130,44,1,"Super dirty, disgusting place. Minors working the front desk, 9 out of 10 times you get old stale fries. The perfect tourist trap. Don't go there."
131,44,1,"Fandt et k√¶mpe styk plastik i min kylling kebab. Havde ogs√• set at de varmer kylling kebabben op n√•r den har plastick stadig rundt om, s√• plastik smelter direkte ind i maden."
132,44,5,"5/5 !! Den rigtige pris til den rigtige oplevelse. Du f√•r virkelig valuta for pengene! N√∏√∏j hvor spiller det bare! Hvis den skal have 6/5 og virkelig hygge om detaljerne, s√• kunne br√∏det godt laves helt friskt foran en og tage k√∏d direkte fra grillen! Vi ses igen snart. ""NUMMER 8!!!"""
133,45,4,This is really good meat doner kebap without Spicy. Cok lezzeltli
134,45,4,"super hyggeligt sted, mex super r√•varer , man kan virkelig m√¶rke at ejeren g√•r op i at hans r√•vare er af ordentlig kvalitet. jeg fik smagspr√∏ver p√• flere forskellige ting fra menukortet og ejeren fortalte stolt omkring at alt var uden msg,farvestoffer, osv. det eneste jeg har at s√¶tte p√• maden er at der var en smugle for lidt fyld i min d√ºrum, men der er ogs√• det"
135,45,5,"This doner is undoubtedly one of the finest I've ever had the pleasure of tasting. The meat's flavor is extraordinary, remarkably so even without the addition of any spices. Moreover, the owner's hospitality and kindness truly stand out, adding to the overall experience. I wholeheartedly recommend a visit to everyone."
136,46,3,"ikke en kebab der falder i min smag. Den er al for langt v√¶k fra en √¶gte tyrkisk/arabisk kebab/shawarma. Deres kebab er efter min mening blevet for ""dansk"". Jeg er bare ikke m√•lgruppen. Den var ok, men jeg kommer desv√¶rre ikke tilbage. og slet ikke 89 kr. v√¶rd."
137,46,1,Its not great compared to more authentic kebab places on the same street. Very dry and boring flavours but for a higher cost.
138,46,4,"Very good experience at this restaurant. I had killer kebab with fries and mayo truffle dip. The kebab was with homemade dough and it was very delicious, the mayo was also very good."
139,47,1,Orion pizzaria was mine.I did open that shop.After 1.5 years mesut and mehmet ( they were working for me) bought from me and and they never payed one krone.They are just impostor.
140,47,1,Bestilte pizza her fra og det g√∏r jeg ikke igen. Bestilte en pizza med skinke pepperoni og if√∏lge deres Meny stegt bacon. Fik leveret en pizza med fuldst√¶ndig r√• og p√• ingen m√•de stegt bacon. Direkte i skraldespanden. De har efterf√∏lgende fors√∏gt at f√• mig til at give dem en god anmeldelse ved at kompensere for pizzaen. Svineri!! Kan absolut ikke anbefales.
141,47,5,"Pr√∏vede deres hjemmelavede pitabr√∏d med fritter, og var positivt overrasket! For en gang skyld god blanding af k√∏d og friske gr√∏ntsager, og ikke bare k√∏d og dressing. Hertil meget spr√∏de pomfritter(!) Ogs√• ganske fin pris. 35,- for hj.lavet pita og 30,- for en stor pomfrit. Betjening er helt i top. Smilende og venlig. Kan klart anbefale at g√• forbi."
142,48,1,"K√∂sem p√• N√∏rrebro er en af de v√¶rste og mest uhygiejniske steder man kan v√¶lge i K√∏benhavn. Jeg bestilte en hjemmelavet shawarma, men fik istedet en durum‚Ä¶ Jeg bestilte en hummus 3 gange, og fik den efter 45 min. K√∏det i min durum som jeg fik, var meget koldt og smagte r√•dt. Denne oplevelse har givet mig d√•rlig mave i flere dage‚Ä¶ i burde at skamme jer. Jeg er meget skuffet over denne oplevelse & h√•ber at der sker en forbedring."
143,48,2,Ordering a Dirty chicken burger which according to the menu is served with brioche bun and coleslaw. But neither was served. I Will not recommend this burger because it was bland and you Dont get what you order. And the waiters were not welcoming it seemed to me as if they didn't want to be there.
144,48,2,"Tidligere var denne tyrkiske restaurant en perle med h√∏j kvalitet og en fantastisk betjening, men desv√¶rre er det som om, at de har udvekslet deres r√•varer, personale og krydderier med en anden restaurant. Dirty Chicken Burgeren p√• billedet, som de har valgt at kalde den og best√•r bl.a. af to t√∏rre friturestegte kyllingskiver fra frost (109 kr). Desv√¶rre var det ikke kun smagen, der forsvandt ‚Äì det lignede ogs√• at personalet havde matematikproblemer, da de endte med at opkr√¶ve for en ret for meget, selvom vi gentagne gange n√¶vnte, at vi skulle betale for tre voksne og tre b√∏rn. To stjerner herfra, med h√•bet om, at de genfinder deres kulinariske magi og deres tidligere gode kvalitet og hjertevarme service."
145,49,4,"Meget hyggeligt lille sted, med Egyptisk tema og mange forskellige l√¶kre falafler. Gode fritter og fine priser."
146,49,5,"Dette er den bedste shawarma, du kan f√• i byen. Rigtigt k√∏d, god chili og l√¶kker tabuli. Du har ikke smagt rigtig shawarma, f√∏r du har spist her. Deres hjemmelavede falafler af forskellig smag, er virkelig gode, friske og frem for alt hjemmelavet. Pr√∏v det"
147,49,1,"har oplevet gang p√• gang at de SKAML√òST ryger indenfor, foran kunder og det er det samme lokale der bliver lavet og spist mad. Salatens marinering er alt for syrlig og overd√∏ver al anden smag, det er kun syre man kan smage, i deres fafafel retter."
148,50,5,"Fik madforgiftning, p√¶nt whack"
149,50,5,"Ik s√¶rlig hyggeligt sted, men mums k√∏d tho"
150,50,5,"Lowkey banger k√∏d, elsker Hellerup"